id,option,hazard,benefit,cost,benefit_pv,cost_pv,BCR
1,flood wall,flood,32627.95137665757,4875.0,9335.697257342883,2863.3020853787634,3.2604653574678406
1,swales,flood,20718.844610410983,1625.0,5949.52954420883,954.4340284595879,6.233568132321407
2,flood wall,flood,2238.5760484013435,975.0,660.8425493324299,572.6604170757528,1.1539867775512975
2,swales,flood,809.4832364517524,325.0,254.5024237563437,190.88680569191757,1.333263568604625
